No,X1 transaction date,X2 house age,X3 distance to the nearest MRT station,X4 number of convenience stores,X5 latitude,X6 longitude,Y house price of unit area
46.37,2013.05,5.33,158.6,5.86,25.0,121.47,34.79
239.05,2013.2,30.24,2069.49,5.68,24.96,121.52,43.95
354.8,2013.2,29.75,3173.54,4.0,24.93,121.47,27.98
207.44,2012.91,28.44,711.36,2.75,25.0,121.57,28.55
364.96,2013.16,8.02,1343.93,6.21,24.94,121.52,52.19
228.35,2013.31,21.79,23.38,5.75,24.94,121.57,45.01
342.88,2013.09,0.14,40.61,3.34,24.98,121.49,35.54
130.11,2013.03,14.17,2400.88,1.39,24.97,121.48,36.55
24.27,2013.14,25.22,23.38,7.54,25.01,121.56,43.17
126.16,2012.75,43.8,1649.25,5.91,24.93,121.52,28.26
178.17,2013.57,9.33,1264.57,4.37,24.95,121.57,33.03
84.19,2013.09,20.97,2107.45,2.96,24.97,121.57,33.77
214.38,2013.25,21.82,738.14,4.47,24.93,121.57,40.95
100.12,2013.49,9.63,1644.0,2.45,24.97,121.57,54.78
23.64,2013.37,35.91,901.77,7.64,24.93,121.51,28.72
345.21,2013.44,3.24,575.11,1.56,24.93,121.5,59.24
289.92,2012.92,27.7,23.38,2.34,25.01,121.54,35.61
316.58,2013.42,14.74,2042.79,0.0,25.01,121.54,41.84
322.64,2013.09,34.85,703.95,5.36,24.99,121.53,35.43
249.64,2013.2,20.02,2176.07,2.29,24.95,121.47,42.16
187.72,2013.58,14.8,1933.7,2.25,25.01,121.49,25.79
363.9,2012.98,19.72,873.03,3.06,24.93,121.52,30.23
1.0,2012.86,27.48,1060.88,5.42,24.94,121.48,43.45
152.71,2013.4,21.67,1019.86,5.32,24.95,121.55,37.76
247.81,2012.86,6.21,959.49,3.45,24.93,121.47,40.47
32.59,2013.29,11.47,302.29,5.63,24.93,121.57,38.72
1.0,2013.53,40.69,659.31,5.55,24.93,121.53,44.81
236.08,2012.88,17.46,3266.98,7.48,25.01,121.51,32.05
236.14,2013.53,30.21,1437.49,1.51,24.97,121.47,34.24
113.86,2013.46,0.0,375.51,1.32,24.94,121.57,44.79
119.78,2013.18,13.74,1990.07,1.63,24.93,121.54,31.68
139.14,2012.71,28.66,23.38,7.06,24.95,121.55,66.85
170.62,2013.07,13.17,23.38,4.06,24.95,121.57,72.93
362.87,2013.54,0.0,1987.98,3.43,25.01,121.53,33.52
198.01,2012.84,23.23,23.38,8.03,24.93,121.54,48.42
222.81,2013.54,12.0,1745.74,8.75,24.98,121.49,51.66
300.86,2013.16,14.95,755.69,3.07,24.96,121.57,37.33
96.29,2013.31,11.05,23.38,6.69,24.93,121.5,43.9
207.69,2013.38,9.85,1049.56,4.27,24.95,121.52,44.06
103.04,2013.49,12.3,597.35,6.99,25.01,121.54,51.01
1.49,2012.83,23.1,315.26,6.41,25.01,121.51,25.96
248.69,2013.37,22.26,552.69,7.67,24.99,121.56,39.44
267.86,2013.33,13.88,2057.09,1.47,24.97,121.57,27.37
375.43,2013.19,33.59,769.84,3.56,24.93,121.47,23.13
311.38,2013.2,17.47,452.95,6.86,24.96,121.57,46.93
72.53,2013.22,28.53,748.32,6.96,25.01,121.51,42.46
205.6,2012.94,5.11,1484.39,4.69,24.99,121.57,29.82
195.34,2013.58,8.06,459.6,4.85,24.97,121.51,67.51
12.68,2012.86,14.12,2053.22,3.06,24.99,121.54,37.89
89.32,2013.58,26.26,1869.78,0.0,24.93,121.57,20.07
246.72,2013.11,16.4,2796.63,0.0,24.99,121.51,25.68
252.48,2013.58,18.87,898.93,1.67,24.93,121.56,35.48
144.34,2013.18,6.77,23.38,5.46,24.95,121.57,63.63
93.87,2012.93,36.0,1475.9,9.22,24.95,121.47,53.27
103.58,2013.38,14.05,2213.95,5.68,24.95,121.49,55.08
292.61,2012.86,33.57,328.75,3.76,24.93,121.51,30.02
192.61,2012.95,10.14,1577.54,0.82,24.97,121.57,33.9
407.3,2012.91,16.02,1568.61,4.58,25.01,121.56,45.02
133.23,2013.06,11.2,2041.99,4.23,24.98,121.56,41.75
76.92,2013.58,11.12,2811.88,2.5,25.01,121.47,7.6
313.87,2012.72,24.3,1287.21,5.44,24.93,121.56,36.07
6.37,2013.07,17.53,23.38,10.0,24.96,121.57,46.87
382.11,2013.17,28.06,2119.9,0.0,24.93,121.47,32.58
343.16,2013.12,20.25,1861.83,4.37,24.96,121.47,28.54
217.37,2012.73,13.13,1113.72,5.18,24.98,121.54,34.69
151.12,2013.08,31.17,2879.03,2.21,24.99,121.47,25.93
400.56,2013.35,10.2,950.49,6.0,24.93,121.57,49.27
249.67,2013.32,7.07,1962.97,4.41,25.01,121.47,30.77
262.65,2013.18,9.03,4191.08,0.0,24.93,121.57,14.0
215.45,2013.29,16.73,23.38,7.4,24.99,121.52,49.33
74.96,2013.58,30.9,1765.3,5.59,24.95,121.57,58.91
77.98,2012.83,11.47,4105.79,0.99,24.93,121.48,14.52
99.94,2012.91,30.93,23.38,6.14,24.93,121.53,29.85
287.96,2013.25,24.2,1333.57,6.84,24.93,121.5,41.09
196.35,2013.36,14.1,571.63,6.2,25.01,121.56,49.48
108.84,2012.98,1.68,658.78,1.79,24.97,121.53,55.28
90.92,2013.47,21.26,3407.24,4.18,24.93,121.51,7.6
116.33,2013.24,15.97,267.88,4.17,25.01,121.49,25.16
285.74,2012.96,23.06,23.38,4.72,25.01,121.47,61.37
414.0,2013.13,27.51,1907.56,3.83,24.93,121.47,44.32
254.36,2013.55,41.43,1616.71,2.83,25.01,121.47,48.41
1.0,2013.45,2.37,1547.39,6.51,24.99,121.57,25.32
216.91,2013.18,16.92,1198.55,4.75,24.95,121.51,38.61
70.98,2013.02,17.85,1815.12,0.0,24.96,121.57,15.26
351.54,2012.99,26.13,378.01,0.52,25.01,121.57,18.86
253.98,2012.84,12.72,23.38,3.24,25.0,121.52,43.47
81.06,2013.01,20.77,23.38,4.5,25.0,121.55,37.48
274.46,2013.24,2.68,1091.69,1.77,24.93,121.57,49.53
52.31,2012.83,31.13,2033.53,0.0,24.95,121.51,7.6
81.31,2013.04,19.99,1731.65,2.6,25.01,121.56,33.46
297.95,2012.67,12.7,337.94,4.79,24.93,121.55,38.34
342.88,2013.22,10.26,1775.92,6.35,24.98,121.53,29.32
1.0,2013.52,13.08,629.94,5.04,24.98,121.55,45.98
322.96,2013.19,14.22,975.33,6.52,24.97,121.57,51.9
1.0,2012.67,29.98,1895.82,1.47,25.01,121.48,27.72
114.67,2013.58,0.0,1777.23,3.87,24.98,121.47,42.38
116.47,2013.58,26.62,2728.85,2.63,24.98,121.47,29.97
169.7,2013.06,14.84,1784.78,4.85,24.97,121.47,28.25
63.63,2013.38,17.9,613.45,8.3,24.96,121.52,44.42
230.52,2012.67,13.54,427.84,3.25,24.93,121.47,37.39
279.9,2013.18,13.01,87.61,6.45,24.93,121.51,47.79
310.53,2012.97,9.16,494.94,8.12,24.95,121.56,50.6
41.36,2013.15,17.7,658.28,3.65,24.97,121.5,23.83
108.9,2013.58,21.45,2200.75,2.8,24.93,121.57,45.42
237.73,2012.96,9.3,2744.55,4.85,24.93,121.57,25.84
164.43,2013.0,29.89,74.54,3.69,25.0,121.47,28.9
314.91,2013.12,17.52,1676.31,1.34,24.98,121.57,18.6
135.79,2013.09,21.92,1436.86,5.86,24.93,121.48,16.73
191.11,2012.97,12.02,2123.58,0.0,24.95,121.57,34.04
89.98,2012.8,9.95,1944.32,0.0,24.97,121.49,20.29
154.86,2012.87,11.38,23.38,7.28,24.98,121.53,61.82
51.69,2013.39,14.97,477.38,5.02,24.98,121.48,38.78
229.27,2013.45,10.92,1116.76,4.33,24.93,121.47,40.33
181.48,2012.81,26.69,576.95,1.37,24.94,121.51,36.65
81.52,2013.29,30.39,942.73,5.0,24.96,121.57,42.81
334.9,2013.08,9.46,119.56,9.09,24.95,121.51,59.0
56.24,2012.82,17.11,23.38,10.0,25.01,121.54,49.38
205.49,2013.51,23.03,1992.75,0.29,24.95,121.54,19.04
393.9,2012.88,21.28,23.38,7.63,25.01,121.57,55.65
11.91,2013.21,27.06,2439.27,1.45,25.01,121.51,18.47
43.67,2013.22,25.67,23.38,2.71,24.97,121.49,45.73
363.39,2013.08,7.48,2096.33,5.07,24.93,121.47,46.34
354.3,2012.67,10.87,1424.7,1.66,25.01,121.54,37.01
148.83,2013.2,0.0,1900.35,3.39,25.01,121.47,43.94
313.94,2012.85,20.35,1422.71,3.28,25.01,121.56,39.19
199.55,2013.36,22.26,23.38,7.91,24.93,121.57,48.55
170.52,2013.2,0.0,503.5,9.42,24.97,121.53,49.49
210.09,2013.04,15.47,1107.01,3.52,24.93,121.51,29.91
166.63,2013.1,19.57,23.38,10.0,24.98,121.49,62.48
35.61,2013.01,23.63,23.38,6.89,24.93,121.57,35.83
198.62,2013.21,3.55,23.38,6.46,25.01,121.47,57.28
101.72,2013.13,32.2,23.38,7.57,24.97,121.49,55.85
148.54,2013.44,21.34,2351.52,10.0,25.01,121.51,37.09
219.35,2012.67,17.16,881.16,2.1,24.98,121.48,28.63
298.56,2013.25,0.0,345.07,4.22,25.01,121.56,30.45
45.83,2012.73,11.27,1296.55,3.19,25.01,121.53,26.73
225.23,2013.05,14.98,1575.31,4.25,25.01,121.52,32.24
271.33,2012.9,0.0,1491.62,10.0,24.98,121.54,35.96
347.83,2013.31,6.54,23.38,2.4,24.99,121.53,51.91
131.25,2013.02,16.72,341.87,7.81,24.96,121.47,51.44
212.19,2013.51,21.97,815.19,10.0,24.95,121.52,55.44
133.1,2013.12,16.14,1225.97,3.95,25.0,121.47,42.12
197.13,2013.03,1.41,23.38,3.44,25.01,121.57,53.38
385.71,2013.07,30.34,2533.15,6.26,24.99,121.57,44.96
137.66,2013.12,0.0,1674.52,0.0,25.01,121.53,28.11
260.16,2013.35,43.8,3860.69,0.0,25.01,121.47,7.6
98.53,2013.29,18.99,683.01,5.19,24.93,121.57,51.69
354.52,2013.03,26.25,3494.36,0.0,24.95,121.51,10.77
206.77,2013.01,33.58,2901.77,4.64,25.01,121.49,25.15
201.83,2012.82,31.32,995.81,2.31,24.95,121.48,22.26
182.16,2012.98,13.61,1178.48,3.83,25.01,121.57,45.02
204.01,2013.32,43.8,1947.87,0.0,24.98,121.54,14.69
19.12,2012.75,22.18,1172.07,1.78,24.96,121.53,19.25
228.4,2013.05,17.05,1922.88,0.42,25.01,121.57,41.23
1.0,2013.05,38.54,1017.16,6.85,25.01,121.52,30.91
339.89,2013.15,23.6,1697.74,5.25,24.96,121.5,31.99
218.65,2012.99,0.32,619.5,2.88,24.93,121.52,31.35
207.59,2013.03,23.81,23.38,8.86,24.95,121.57,52.71
384.32,2013.08,7.39,289.28,2.16,25.01,121.57,31.21
171.31,2013.22,4.38,3185.66,2.15,24.93,121.47,34.43
106.74,2013.15,13.27,692.0,4.6,24.97,121.48,52.05
102.32,2012.67,0.0,2145.49,0.0,24.93,121.57,27.15
185.49,2013.17,12.86,61.4,3.81,24.96,121.57,48.76
263.06,2013.03,9.07,347.43,4.71,24.93,121.52,46.72
292.76,2013.49,25.5,23.38,6.94,24.96,121.55,55.16
133.97,2013.06,23.45,1255.38,7.11,24.96,121.5,45.47
1.0,2013.25,8.95,2628.41,0.0,25.01,121.48,26.33
224.24,2012.97,17.33,1296.83,2.89,24.99,121.47,26.64
313.49,2012.67,26.54,23.38,5.05,24.97,121.57,46.63
414.0,2013.58,35.94,313.1,4.02,24.93,121.47,49.37
256.97,2013.35,22.61,1884.01,5.47,24.93,121.57,41.84
112.51,2012.89,7.42,1269.48,5.32,24.94,121.56,22.01
1.0,2012.79,23.04,2186.4,5.52,24.94,121.48,16.15
1.0,2013.19,5.74,665.48,6.88,24.93,121.51,48.6
191.18,2013.16,18.48,23.38,10.0,25.01,121.48,49.98
65.28,2013.25,14.1,2216.36,2.34,24.96,121.47,40.19
121.78,2013.3,5.16,1198.35,0.0,25.01,121.49,41.54
87.14,2013.25,7.29,1600.71,2.3,24.93,121.57,46.86
365.09,2013.46,0.0,2140.91,1.13,24.93,121.48,32.66
220.27,2013.0,12.15,23.38,3.19,25.01,121.57,41.99
244.89,2013.49,28.26,403.66,7.08,24.96,121.47,49.66
31.78,2012.87,9.82,149.44,3.01,24.94,121.57,48.94
74.28,2013.32,9.58,760.87,7.4,25.0,121.57,53.06
71.12,2013.55,7.87,1865.1,1.87,24.97,121.57,26.49
176.5,2012.87,24.46,1223.43,2.61,24.97,121.51,38.8
208.82,2013.45,4.39,1151.81,2.97,25.01,121.55,62.56
1.0,2012.88,25.21,1789.73,1.0,25.01,121.54,7.6
33.96,2013.34,17.47,23.38,9.67,25.01,121.56,70.74
123.58,2013.08,8.94,1301.79,0.14,24.96,121.54,44.86
343.43,2012.82,5.0,1447.19,0.97,25.0,121.47,39.23
258.65,2013.37,21.36,23.38,6.12,24.96,121.57,35.95
414.0,2013.25,12.66,2396.25,3.24,24.98,121.52,39.74
414.0,2013.31,24.46,440.64,3.96,25.01,121.57,29.56
184.76,2012.87,28.56,1854.22,1.51,25.01,121.47,28.78
235.07,2012.94,9.53,2395.62,4.76,25.01,121.52,21.92
261.02,2012.67,27.97,722.09,5.18,25.0,121.57,30.98
333.76,2013.35,10.24,3214.14,3.15,24.93,121.47,22.89
237.13,2013.29,36.99,2920.58,0.0,25.01,121.57,22.06
195.13,2013.31,25.23,1580.35,4.34,25.01,121.52,49.83
325.99,2013.0,43.8,651.38,3.19,24.98,121.55,34.32
215.19,2013.38,35.23,647.93,5.63,24.97,121.47,30.1
376.17,2013.28,20.08,23.38,5.27,24.98,121.49,41.79
164.93,2012.77,11.01,971.37,7.55,24.93,121.49,36.67
29.35,2013.03,24.69,23.38,7.54,25.01,121.52,53.34
188.72,2013.39,26.57,1967.09,3.39,24.93,121.52,14.23
75.08,2013.3,29.35,419.71,3.02,24.93,121.51,34.01
1.0,2013.58,31.34,113.82,8.39,25.01,121.5,49.67
55.41,2012.88,36.64,1403.24,4.77,24.93,121.53,51.55
289.89,2012.93,25.02,23.38,6.7,25.01,121.57,52.6
236.31,2013.45,0.0,2068.65,1.49,25.01,121.54,35.96
210.7,2012.97,25.04,23.38,2.09,24.93,121.57,38.18
245.37,2013.25,10.88,423.47,7.21,24.93,121.57,44.45
214.97,2013.08,7.18,1883.03,1.18,24.95,121.52,24.66
19.89,2012.86,4.73,671.23,6.7,25.01,121.55,38.38
182.92,2013.2,28.88,3821.2,0.14,24.94,121.53,7.6
138.47,2013.28,9.8,23.38,2.02,24.93,121.47,45.89
128.26,2013.43,33.06,1386.1,6.89,24.97,121.51,36.26
83.7,2012.99,0.0,1828.14,1.06,24.93,121.52,28.41
114.32,2013.25,16.6,2025.85,0.0,24.93,121.51,46.21
176.02,2012.74,0.0,1102.53,0.92,24.95,121.5,21.66
300.08,2013.58,20.98,23.38,10.0,24.97,121.57,43.32
14.42,2012.91,20.39,1243.12,3.31,24.93,121.56,42.48
293.95,2013.2,26.39,1125.24,1.07,24.93,121.56,35.29
385.74,2012.99,13.18,852.6,0.63,24.98,121.47,50.41
225.43,2013.44,21.25,1326.9,5.98,24.95,121.56,29.7
376.55,2013.33,25.09,23.38,10.0,24.98,121.47,52.36
155.72,2013.07,28.83,3606.57,0.48,24.93,121.47,23.09
359.44,2013.16,17.89,3764.45,0.0,24.96,121.47,15.57
84.58,2012.73,25.33,583.13,5.03,25.01,121.53,30.46
176.15,2013.12,24.14,23.38,5.41,25.01,121.49,43.74
341.72,2012.71,4.67,1481.61,6.02,24.94,121.57,30.53
33.97,2012.87,20.74,23.38,4.76,24.93,121.49,36.44
186.17,2013.11,10.63,45.82,6.32,25.01,121.54,50.3
174.25,2012.93,0.0,23.38,5.28,24.95,121.53,62.32
1.0,2013.23,15.08,1797.81,2.11,24.98,121.49,47.83
200.89,2013.31,41.82,23.38,6.06,25.01,121.51,47.46
189.7,2013.24,14.31,1740.88,2.73,24.93,121.55,34.51
108.09,2013.57,24.03,1621.4,5.67,24.93,121.51,30.01
335.21,2013.18,32.89,23.38,4.48,24.93,121.56,15.68
291.69,2013.03,37.09,183.8,6.72,24.93,121.57,38.59
183.99,2012.89,36.38,4034.03,1.39,24.93,121.52,32.73
73.11,2013.21,36.22,173.0,9.18,24.93,121.57,28.03
128.15,2013.31,12.07,1197.24,5.53,25.01,121.53,43.75
220.84,2013.14,13.79,229.24,4.7,24.93,121.53,59.27
140.51,2012.9,14.36,1050.64,0.0,25.0,121.53,11.63
109.91,2013.26,14.7,1405.86,4.02,24.98,121.57,41.37
386.78,2013.58,27.69,1895.12,4.48,24.93,121.54,39.36
135.76,2013.16,31.37,23.38,8.17,25.01,121.57,48.95
95.21,2013.3,13.16,23.38,5.45,24.96,121.57,43.17
48.46,2013.17,18.1,96.44,8.23,24.93,121.57,53.87
277.32,2013.09,25.27,1564.57,1.32,25.0,121.53,23.74
274.79,2013.12,37.57,131.02,8.01,25.01,121.57,33.08
414.0,2013.19,0.0,1889.47,3.43,24.99,121.57,32.07
20.07,2013.31,3.84,5238.36,0.0,24.93,121.47,7.6
1.0,2012.92,7.69,1404.5,6.01,24.93,121.57,48.83
239.56,2013.07,19.36,1488.93,0.14,24.94,121.53,25.86
253.01,2013.42,17.84,1801.82,2.65,25.0,121.55,44.98
122.78,2013.31,21.36,1986.12,4.28,25.01,121.5,32.57
341.26,2012.67,28.7,242.89,4.97,24.96,121.56,28.64
245.59,2013.1,24.38,1171.12,2.84,24.94,121.47,38.48
414.0,2013.36,39.69,1042.0,6.35,24.95,121.52,35.9
72.65,2013.35,24.15,1996.13,6.42,24.93,121.52,28.67
257.36,2012.67,20.38,23.38,6.5,24.98,121.48,47.05
76.11,2013.18,38.6,2352.43,0.66,24.93,121.57,21.82
300.1,2013.14,10.28,1216.69,3.67,24.93,121.56,58.36
177.26,2013.3,24.6,23.38,8.05,24.95,121.57,70.43
141.83,2013.22,19.59,712.37,5.2,24.98,121.5,50.57
287.45,2013.34,41.77,904.85,5.44,24.97,121.53,32.83
246.29,2013.2,43.8,719.98,6.91,24.97,121.57,29.49
293.17,2013.05,28.26,629.44,5.65,24.93,121.54,24.71
72.25,2013.04,15.05,3393.89,3.84,24.93,121.57,37.3
147.71,2013.44,15.6,626.33,2.26,24.93,121.54,40.86
123.42,2013.49,5.3,2676.98,0.35,24.93,121.47,26.65
189.96,2013.11,43.8,3249.64,0.0,25.01,121.56,14.59
348.1,2013.11,5.91,23.38,7.85,24.96,121.54,67.48
308.02,2013.47,9.71,23.38,7.47,25.01,121.54,49.23
197.71,2012.75,26.66,1427.2,4.58,24.93,121.48,35.02
159.15,2013.52,0.84,1889.62,4.03,24.96,121.52,35.84
127.0,2013.58,21.31,1263.39,0.0,24.93,121.55,32.74
129.52,2012.81,34.93,3049.28,1.47,24.95,121.47,13.31
245.76,2013.58,10.89,2269.27,4.67,25.0,121.55,56.35
13.65,2013.13,26.49,767.89,2.21,24.97,121.52,37.97
307.79,2012.67,30.69,159.53,7.1,25.01,121.54,33.25
163.32,2012.99,39.39,175.01,6.55,25.0,121.53,35.38
346.54,2013.05,27.3,1856.13,5.78,24.95,121.47,24.95
301.78,2013.46,5.41,3174.18,0.0,24.93,121.47,17.53
1.0,2013.49,15.61,1942.9,3.54,24.98,121.47,41.27
232.83,2013.58,26.4,1098.97,7.6,24.93,121.57,49.58
1.0,2013.58,36.12,23.38,7.92,25.0,121.53,60.7
113.56,2013.25,16.21,1616.35,6.0,24.94,121.57,49.16
1.0,2013.07,18.69,717.47,3.21,24.93,121.51,49.82
166.96,2013.33,25.71,23.38,6.12,24.95,121.55,34.72
263.69,2013.21,17.54,885.35,5.38,24.98,121.53,42.48
235.14,2013.34,30.87,3586.32,1.58,24.93,121.57,7.6
229.81,2013.16,0.05,111.92,3.26,24.93,121.47,60.68
250.87,2012.67,18.9,2325.99,0.0,25.01,121.53,23.9
181.21,2013.38,28.1,1889.9,2.03,25.01,121.51,15.74
286.47,2012.9,10.45,1187.78,4.21,24.93,121.51,30.12
354.65,2013.13,18.17,1546.86,1.91,25.01,121.47,51.93
392.12,2013.27,17.66,2637.26,1.99,24.93,121.56,19.09
241.65,2012.98,25.34,1908.13,0.67,25.01,121.5,38.05
107.0,2012.98,0.0,23.38,6.41,24.98,121.57,42.23
292.53,2013.49,19.13,781.72,4.04,24.95,121.57,48.55
161.73,2013.31,16.95,3678.29,2.56,24.94,121.48,22.43
247.07,2013.15,16.43,1672.41,2.36,24.96,121.56,41.8
96.14,2013.03,35.51,23.38,8.16,24.94,121.52,48.61
362.68,2013.05,20.2,1323.25,3.81,24.93,121.47,21.81
130.39,2013.25,14.37,2250.05,1.95,24.93,121.52,30.46
167.13,2013.17,26.89,23.38,7.72,24.95,121.53,37.47
220.93,2012.77,6.05,1496.92,0.0,24.93,121.51,37.23
95.62,2013.58,18.95,1998.06,0.99,25.01,121.51,36.95
397.81,2013.05,6.52,427.39,0.03,25.0,121.49,44.95
165.89,2013.22,9.16,1796.11,1.81,24.93,121.55,40.79
40.69,2013.43,0.0,2153.58,2.03,25.01,121.57,30.99
200.88,2013.01,16.34,924.59,8.99,24.97,121.47,48.1
25.57,2013.58,37.23,1092.06,5.51,25.0,121.51,37.13
348.77,2013.14,5.92,23.38,9.99,25.01,121.52,69.1
188.25,2013.11,34.73,23.38,8.42,24.93,121.47,44.7
279.92,2012.95,33.08,23.38,6.44,25.01,121.56,72.33
159.77,2013.07,26.1,23.38,6.93,25.01,121.57,46.52
215.45,2013.05,28.3,1687.91,1.47,24.99,121.57,26.99
351.83,2013.46,13.17,463.34,7.9,24.96,121.56,32.55
1.0,2013.01,18.37,23.38,6.77,25.0,121.53,53.81
312.03,2012.91,20.84,23.38,7.05,24.99,121.55,37.24
381.29,2013.58,14.27,1345.94,4.18,24.94,121.47,32.47
308.83,2013.31,33.32,3972.74,0.26,24.93,121.48,18.58
203.28,2013.58,23.24,23.38,6.64,25.01,121.57,44.71
47.95,2013.11,11.5,1518.15,1.09,24.98,121.54,30.15
146.47,2013.1,0.0,448.09,4.88,24.99,121.47,45.28
25.28,2013.28,6.44,888.19,1.95,24.93,121.51,51.22
313.78,2013.2,24.12,23.38,8.81,25.01,121.57,57.27
38.49,2012.86,29.41,668.9,2.51,24.99,121.5,37.5
94.96,2013.36,23.15,2518.26,3.14,24.93,121.57,20.19
379.86,2013.22,3.2,512.27,3.43,25.01,121.54,52.37
414.0,2013.18,24.72,1015.83,7.92,24.93,121.5,40.22
170.06,2012.93,14.95,852.07,5.63,24.99,121.52,43.44
223.55,2013.07,29.46,23.38,6.5,25.0,121.56,39.17
138.28,2012.95,0.0,23.38,5.34,24.98,121.47,39.91
129.38,2013.28,25.98,82.97,1.53,24.96,121.57,41.97
414.0,2013.31,8.07,617.5,3.5,24.98,121.57,51.15
132.66,2012.67,13.81,23.38,10.0,25.01,121.5,53.72
36.14,2013.13,0.0,2400.16,4.89,24.93,121.55,24.21
48.14,2013.35,6.66,1519.19,2.34,24.95,121.47,38.84
325.12,2013.29,13.96,3573.34,0.0,24.94,121.54,7.6
265.14,2013.18,20.26,1509.04,3.7,24.98,121.57,40.31
283.89,2013.27,4.98,280.04,3.69,25.0,121.57,48.89
301.59,2013.16,20.92,1864.72,5.11,24.93,121.47,36.03
185.03,2012.98,17.44,2034.52,4.44,24.97,121.53,45.88
380.01,2013.16,23.13,1656.05,3.06,25.0,121.53,26.03
351.21,2013.08,13.08,1717.39,6.13,25.01,121.51,39.25
115.35,2013.58,38.51,1557.43,8.38,24.96,121.49,41.44
300.45,2013.03,9.98,150.15,8.71,24.93,121.47,41.04
349.1,2013.5,21.43,1086.97,4.11,25.01,121.5,45.06
60.99,2013.52,24.34,2071.95,4.5,24.95,121.54,53.91
252.71,2013.06,10.99,23.38,7.54,24.93,121.51,44.69
364.61,2013.32,0.0,1366.33,5.83,24.98,121.54,54.02
184.73,2012.86,15.02,1520.61,2.35,24.93,121.54,19.7
163.86,2013.3,9.33,1622.96,0.15,25.01,121.57,38.73
339.14,2013.11,23.82,398.26,3.03,24.93,121.55,44.02
336.42,2013.22,17.0,3377.3,0.16,24.93,121.5,11.77
330.67,2012.79,9.43,2234.42,0.0,24.93,121.47,8.63
370.72,2013.54,22.1,335.02,3.57,25.0,121.47,29.58
83.37,2013.24,35.71,3456.05,0.44,24.95,121.53,15.22
281.27,2013.38,31.37,2537.16,0.0,24.93,121.47,19.96
1.0,2013.17,15.07,1388.4,0.95,25.01,121.57,28.23
172.86,2013.19,25.89,1863.7,2.26,24.93,121.52,28.99
147.17,2013.53,17.08,23.38,6.03,24.99,121.57,48.43
318.96,2012.82,27.86,1936.88,4.95,25.01,121.57,24.83
414.0,2013.54,11.53,543.16,8.05,25.0,121.47,36.76
1.0,2012.86,30.43,1109.63,7.48,25.01,121.57,34.34
366.44,2013.08,18.29,2539.17,3.84,25.0,121.49,29.15
265.74,2012.97,35.11,2396.52,0.0,25.01,121.57,7.6
218.87,2013.15,3.77,23.38,4.85,25.01,121.54,49.64
263.33,2013.03,9.76,2190.25,0.0,24.96,121.56,7.6
249.43,2012.98,22.45,1077.89,6.9,24.94,121.53,35.42
108.18,2012.67,10.97,3946.71,2.51,24.98,121.57,16.17
117.93,2012.99,13.33,23.38,7.22,25.0,121.54,50.82
359.52,2012.67,0.0,2504.61,1.02,24.93,121.48,26.71
193.11,2013.06,19.0,3380.84,0.0,24.96,121.47,32.44
229.0,2012.9,10.45,473.99,3.51,24.93,121.47,49.23
196.69,2012.99,20.1,760.18,10.0,24.94,121.54,39.17
243.32,2013.16,35.93,806.04,8.26,24.99,121.55,26.94
276.79,2013.0,29.94,1914.38,4.12,25.0,121.49,29.51
123.27,2013.44,9.83,2456.88,0.0,24.93,121.56,33.03
1.0,2013.0,31.41,1026.99,4.83,25.01,121.56,35.78
370.29,2013.07,35.18,23.38,6.61,24.93,121.55,43.37
196.45,2012.76,34.32,2543.52,0.0,25.01,121.54,12.93
113.22,2013.19,18.42,23.38,5.6,24.98,121.56,35.07
183.1,2012.82,31.97,2142.67,5.41,24.97,121.47,34.82
246.54,2012.99,3.0,755.91,4.57,24.94,121.49,29.42
265.16,2013.15,13.64,1110.22,0.13,24.93,121.52,44.68
239.59,2013.23,16.15,220.4,0.56,24.97,121.53,32.91
283.06,2013.05,5.67,613.28,9.68,24.99,121.54,56.25
268.13,2013.24,26.59,720.47,7.55,24.93,121.57,35.78
414.0,2013.27,26.62,3895.39,0.0,24.93,121.47,7.6
263.38,2013.28,28.5,1558.12,5.0,24.94,121.57,30.3
215.0,2012.87,23.45,913.16,1.2,24.99,121.57,36.86
160.84,2013.06,7.75,3220.39,0.0,24.94,121.54,34.11
79.49,2012.98,35.93,1699.13,0.17,24.93,121.53,26.02
414.0,2013.09,26.92,23.38,10.0,24.98,121.57,64.6
53.5,2013.1,18.85,357.47,4.27,24.97,121.55,42.54
237.35,2013.58,10.84,23.38,4.84,24.98,121.53,48.83
200.44,2012.98,17.06,2224.27,0.0,24.93,121.51,7.6
188.46,2012.67,14.24,1522.65,4.95,25.01,121.49,45.07
112.84,2013.16,41.96,2264.56,5.4,24.98,121.47,21.06
1.0,2013.09,43.8,1148.73,4.39,24.95,121.53,26.08
276.3,2012.85,0.0,798.05,2.68,25.01,121.57,42.7
78.76,2013.07,2.54,1648.74,0.57,24.95,121.54,36.55
147.26,2013.28,40.29,681.16,5.56,24.94,121.47,42.72
64.0,2012.82,25.99,23.38,6.78,24.98,121.53,45.42
203.39,2012.77,35.18,1319.85,0.0,24.93,121.57,17.79
410.84,2013.58,11.28,2832.07,2.18,24.93,121.52,47.86
203.53,2012.67,15.09,23.38,9.6,24.95,121.53,54.59
83.85,2013.09,21.3,233.1,6.98,24.94,121.51,62.19
240.46,2012.81,7.65,23.38,10.0,25.01,121.57,52.87
298.07,2012.67,21.01,1068.7,4.56,25.01,121.57,38.36
263.69,2013.58,17.63,3466.36,3.17,25.01,121.52,24.27
34.09,2012.81,11.48,2390.67,0.68,24.97,121.55,31.15
1.0,2012.99,30.84,2521.88,2.7,25.01,121.47,29.34
241.3,2013.13,22.39,1076.81,9.24,24.95,121.48,40.78
414.0,2012.85,23.14,1743.09,0.0,25.0,121.57,20.47
314.22,2013.21,23.45,1330.0,2.16,24.93,121.55,55.67
316.72,2013.15,5.62,1532.2,2.57,25.0,121.5,39.67
267.95,2012.86,20.94,201.77,5.96,25.01,121.57,60.45
264.71,2013.58,0.0,1633.32,3.02,24.99,121.55,30.8
172.62,2013.3,19.15,831.43,10.0,25.01,121.51,42.58
137.38,2013.34,39.72,2049.34,6.84,25.0,121.57,40.13
288.14,2013.02,29.26,23.38,6.36,24.98,121.49,38.6
1.0,2013.15,21.27,2689.52,0.0,24.93,121.51,13.51
50.55,2013.32,0.0,885.31,6.13,24.96,121.47,61.8
96.07,2012.94,8.47,1409.42,6.22,25.01,121.57,44.22
373.47,2013.15,26.33,755.58,2.09,25.01,121.47,49.17
334.35,2013.25,14.1,23.38,4.4,25.0,121.47,51.56
297.98,2012.84,10.48,668.13,4.11,25.0,121.57,39.49
414.0,2013.1,14.5,793.68,8.77,24.97,121.57,33.28
394.67,2012.81,0.0,728.97,3.71,24.93,121.57,23.91
342.5,2012.93,7.24,1446.66,2.88,24.96,121.47,24.88
249.05,2013.21,17.76,466.98,7.88,24.99,121.57,49.7
291.18,2012.89,2.45,2123.93,4.48,24.94,121.57,29.75
258.57,2012.93,0.0,23.38,7.05,24.97,121.47,52.06
251.92,2012.67,2.53,23.38,5.56,24.93,121.57,41.34
47.26,2012.92,0.0,2688.25,2.19,24.93,121.48,9.57
273.98,2012.94,9.5,627.86,3.86,24.98,121.57,41.39
26.09,2013.16,12.96,23.38,6.11,25.01,121.57,57.23
113.86,2013.09,43.8,1254.86,6.54,24.98,121.49,36.26
222.2,2012.67,24.76,259.92,5.28,24.93,121.51,33.27
38.01,2012.96,26.39,756.51,3.81,25.01,121.5,46.37
375.26,2012.99,16.49,2857.19,2.93,25.01,121.51,19.86
400.06,2012.9,11.59,984.38,6.17,24.98,121.48,34.09
146.1,2013.04,0.0,23.38,6.08,24.93,121.57,64.39
182.12,2013.34,0.0,2126.64,2.72,24.93,121.47,42.93
222.96,2013.1,13.72,2254.34,0.48,24.94,121.57,17.57
104.82,2013.3,9.97,1943.99,0.0,24.93,121.49,39.61
226.12,2012.87,13.87,23.38,8.51,24.99,121.57,50.83
118.57,2013.34,20.47,1153.54,2.67,24.95,121.57,35.17
260.34,2013.0,24.54,1306.18,4.7,24.93,121.47,26.46
167.9,2013.01,8.95,218.13,7.2,25.0,121.57,49.01
131.36,2012.67,0.0,708.26,4.29,24.96,121.51,37.26
202.59,2013.07,0.0,23.38,5.93,24.98,121.57,47.22
149.61,2013.24,23.11,2496.27,2.91,24.93,121.48,17.05
109.77,2012.9,6.58,2420.54,4.66,25.01,121.49,12.68
114.32,2013.04,7.12,23.38,6.3,24.99,121.57,51.09
174.37,2013.26,14.98,2403.96,0.57,24.93,121.49,42.23
84.39,2012.83,24.27,1770.17,3.24,24.93,121.55,44.76
320.68,2012.91,0.0,1493.19,1.83,25.01,121.5,53.69
318.14,2013.49,43.8,23.38,6.45,24.93,121.48,36.34
406.72,2013.21,0.0,1976.51,0.0,24.95,121.54,20.1
357.21,2013.33,22.19,1318.12,2.2,24.96,121.5,27.82
285.24,2012.67,33.69,2304.36,5.32,25.01,121.51,27.33
414.0,2013.23,21.57,23.38,3.96,25.01,121.48,47.42
160.46,2012.89,23.43,134.59,4.31,24.97,121.57,43.94
256.42,2013.4,10.13,124.76,4.77,24.98,121.57,58.96
378.38,2012.67,27.9,3313.26,0.04,25.0,121.52,18.78
311.7,2013.27,11.0,691.97,3.34,25.01,121.55,41.1
255.72,2013.13,18.33,1130.02,3.59,24.95,121.55,47.53
346.06,2012.67,16.04,2911.99,0.0,24.93,121.56,18.54
155.05,2012.94,33.69,695.7,4.72,24.95,121.56,48.17
341.03,2013.22,22.75,1324.03,2.74,25.01,121.51,31.68
129.33,2013.02,35.06,2237.59,3.13,24.93,121.51,29.21
372.11,2012.74,14.85,115.17,5.8,24.98,121.52,56.6
344.41,2013.35,4.54,2469.93,2.91,25.01,121.47,32.32
275.79,2012.68,9.58,1570.76,5.79,24.99,121.47,42.08
217.27,2013.11,29.76,2676.23,2.56,24.96,121.47,19.0
90.96,2012.77,8.98,1357.06,0.19,25.0,121.57,43.18
224.07,2012.67,12.62,2444.36,0.39,24.97,121.49,35.84
349.2,2012.94,39.02,572.14,3.1,25.0,121.57,48.02
74.19,2013.33,19.24,589.07,6.69,24.93,121.47,42.3
105.99,2013.31,15.47,23.38,8.22,24.93,121.57,43.6
311.72,2013.51,8.8,23.38,8.14,25.01,121.56,72.07
321.62,2012.82,20.14,23.38,6.04,24.96,121.52,38.53
350.73,2013.46,22.14,23.38,9.52,25.01,121.51,51.27
29.53,2012.94,10.93,2509.69,0.45,25.01,121.5,27.27
379.44,2013.1,11.56,475.35,4.58,25.0,121.48,57.88
90.67,2013.28,19.81,2008.55,5.73,24.96,121.47,32.18
242.39,2013.18,24.15,23.38,10.0,25.01,121.57,53.11
13.3,2013.42,31.33,2554.89,2.41,24.94,121.57,25.75
235.64,2013.48,30.61,23.38,9.5,24.97,121.56,56.78
182.42,2013.58,19.4,1334.1,5.94,24.98,121.53,28.0
377.81,2012.87,0.0,1543.64,5.35,25.0,121.57,60.84
232.38,2013.05,39.4,2463.38,0.72,24.93,121.57,7.6
